ID товара;Остаток
47292;29
47296;177
42073;66
42070;135
42072;29
42074;103
42075;0
42071;172
41104;33
41105;70
41106;107
44867;124
44866;87
44864;13
526583;16
19937;34
41119;48
41120;85
41122;159
41123;16
41124;53
41125;90
41126;127
41127;164
41128;21
41129;58
41130;0
41131;132
41145;110
41146;147
41147;184
41148;0
41149;78
41150;115
41151;152
41152;9
41153;46
41154;83
41156;157
41133;26
41134;63
41135;100
44917;174
44918;31
41137;174
41138;31
41139;0
41140;105
41141;142
41142;179
49534;183
49532;109
49535;40
49537;114
517887;0
517557;134
517558;171
23066;67
20753;166
514147;144
522839;88
522843;56
522841;162
522840;125
522849;98
522848;61
50994;0
522847;24
50995;60
49538;151
49539;8
44913;26
44914;63
41143;36
41144;73
44915;100
44916;137
44911;132
44930;115
44929;78
44928;0
44927;184
44926;147
37292;109
22908;161
18927;0
37291;72
36835;120
44925;110
44924;73
44921;142
44920;105
44938;51
44937;0
44892;0
44890;75
44891;112
44912;169
44933;46
44932;9
44931;152
41109;38
41110;75
41111;112
41112;0
20087;184
22006;87
54963;0
19115;40
20421;0
524233;6
524232;0
524231;112
524226;107
524228;181
524230;75
524222;139
524223;0
524225;70
521810;175
521823;116
521812;69
521819;148
521811;0
521820;0
521822;79
521816;37
521814;143
521815;180
521821;42
521818;111
521813;106
521817;74
29227;144
24568;21
34804;33
20064;53
34806;107
21056;37
21275;40
20977;174
22047;164
23047;84
523879;48
523880;85
523881;0
20979;0
19041;182
18979;48
18734;163
523630;15
21722;19
19742;19
58360;45
30369;98
20547;0
21523;36
24555;80
22525;30
19973;106
21967;84
24563;16
23570;175
21571;12
18974;43
21972;89
57086;67
22973;46
37487;124
44749;78
34612;129
22971;152
34609;18
24552;0
34610;55
34611;92
58133;106
23976;0
528999;128
18973;6
23519;88
23520;125
34613;166
24938;31
23970;35
34614;0
24970;135
34615;60
19603;96
23973;146
19611;0
18608;181
44629;138
44630;175
21969;0
20969;58
47813;46
22972;9
21971;52
37225;150
58125;170
58126;27
37223;76
48864;53
48865;90
48858;11
48866;127
48867;164
48859;48
48860;85
48861;0
48862;159
48863;16
48842;139
532956;17
48938;91
48941;22
48939;128
48940;165
48942;0
48943;96
529523;76
525472;129
529521;182
529524;0
529525;150
529520;145
30500;85
30501;0
36268;21
42057;0
36081;0
36083;16
36084;53
36085;90
36086;127
20960;85
23170;135
19175;100
22176;0
512228;61
20187;0
18153;0
25140;125
21060;0
22962;179
20066;127
19057;54
18053;166
38529;0
24558;11
22976;157
19540;105
19056;17
21057;74
20552;109
21058;111
18534;143
22969;78
24559;48
20973;26
21970;15
20065;90
23526;0
22054;63
56144;133
30372;29
56150;175
30458;151
38538;0
19978;111
22977;0
23060;25
22052;169
25144;93
23059;168
18977;154
22050;0
35925;110
35926;147
35923;36
35924;73
35927;184
35928;0
56448;0
56449;78
56450;115
56439;0
56445;110
56418;11
56419;48
56420;85
56421;0
56413;6
56414;43
56422;159
56465;130
56423;16
56425;90
56415;80
56416;117
56417;154
56438;31
56426;127
56466;0
56431;132
56432;169
56429;58
56430;0
19134;0
19135;60
20975;100
43807;144
30421;42
30394;123
44948;61
44949;98
48788;121
48782;79
48783;116
48784;153
48786;47
48791;52
48789;0
48798;0
20974;63
48790;15
58309;138
24048;0
48797;94
45162;0
45164;133
48781;42
48780;0
48794;163
48796;57
48801;62
48792;89
48793;126
48799;168
48800;25
48787;84
45160;165
45161;22
21976;57
48802;99
48803;136
48804;173
515058;11
515057;154
515056;117
515055;80
515054;43
515053;6
526722;119
526723;156
526724;13
526725;0
529000;165
20958;11
19691;112
21679;48
20959;48
45616;117
25432;129
45615;80
25433;166
20611;132
18601;102
24625;150
22042;159
22041;0
22597;174
24624;0
20610;0
19692;0
20710;15
34795;60
18693;0
23664;53
20709;0
18694;123
55938;71
55939;108
521809;138
45005;10
45006;47
45007;84
37230;155
37231;12
37232;49
37233;0
37234;123
44968;81
44969;118
44970;155
44971;12
44972;49
44973;0
44974;123
44975;160
19961;22
22949;58
49009;18
49024;33
49010;55
49025;70
49011;92
49026;107
49012;129
49027;144
49013;166
49028;181
49014;0
49029;38
49015;60
49030;75
49016;97
49031;112
49017;134
49032;0
49018;171
49033;6
49019;28
49034;43
49035;80
49020;65
49039;48
49021;102
49040;85
49041;0
49022;139
49042;159
49036;117
49038;11
49037;154
22171;72
21957;74
23163;56
20166;47
528190;75
18136;177
528191;112
30387;44
21167;184
18137;34
528192;0
23961;62
23152;9
20183;136
21153;26
20184;173
24959;88
23164;93
22154;163
37281;62
528194;43
24153;146
24142;99
18150;155
22156;57
37290;35
23165;130
20168;121
528196;117
22173;146
20169;0
19167;164
19154;43
22155;20
528197;154
19155;80
528198;11
19156;117
528199;48
24960;125
24144;173
528200;85
54973;6
54974;43
37342;159
37343;16
522774;0
37341;0
37346;127
37345;90
37333;6
37331;112
37332;0
37337;154
37336;117
37334;43
37335;80
522778;171
522777;134
37338;11
522775;60
37339;48
37267;84
37268;121
37269;0
37270;15
41159;88
41158;51
41162;19
41160;125
41161;162
41164;93
41163;56
41165;130
20967;164
21577;54
23612;109
24650;175
21968;121
20968;21
22625;130
24651;0
18633;26
18634;63
23613;146
23969;178
21623;136
23615;40
21624;173
18636;137
24652;69
24653;106
23616;0
19963;96
531413;166
531414;0
515705;10
531419;28
22955;100
531415;60
531416;97
18963;0
34083;0
47844;0
34085;70
48896;157
48890;115
48898;51
48899;88
48891;152
48900;125
48892;9
48893;46
48894;83
48895;120
532483;156
532958;91
532484;13
532486;87
532487;124
532488;161
48882;179
24663;116
21631;72
21964;153
20667;44
32176;177
24665;10
20963;16
18645;110
20668;81
18644;73
21630;35
24664;153
38817;0
39187;24
39189;98
39188;61
39191;172
39190;135
39193;66
39194;103
39192;29
39203;76
39204;0
39196;177
39197;34
39195;0
39199;108
39200;145
39201;182
39202;39
45064;33
45066;107
45065;70
45068;181
45067;144
45070;75
45069;38
45075;80
45076;117
45071;112
45072;0
45073;6
45074;43
48833;166
48837;134
48838;171
48839;28
48840;65
48841;102
48836;97
48835;60
48834;0
48820;45
48821;82
48822;119
48823;156
48824;13
48825;0
48826;87
48827;124
48829;18
48830;55
48831;92
48832;129
48947;64
48948;101
48949;138
48950;175
48952;69
48953;106
48954;143
41848;21
41849;58
41850;0
41851;132
41852;169
41853;26
41854;63
41799;8
41798;151
37417;54
37374;83
37375;120
37377;0
37378;51
37380;125
37373;46
37452;89
37392;29
37444;153
37446;47
37448;121
37449;0
37450;15
37441;42
37439;148
37438;111
37411;12
37413;0
37397;34
37398;71
37399;108
37400;145
37396;177
37435;180
37431;0
37432;69
37433;106
37443;116
37442;79
37381;162
37383;56
37382;19
37372;9
37362;179
37363;36
37367;184
37364;73
37365;110
37366;147
37360;105
37425;170
37361;142
37393;66
37386;0
37394;103
37395;0
37390;135
37391;172
37428;101
37430;175
37427;64
37407;44
37405;150
37406;7
37408;81
37402;39
37403;76
37404;0
37410;155
37424;133
37387;24
37388;61
37389;98
37457;94
37456;57
37354;63
37353;26
37351;132
37347;164
37348;21
37349;58
37358;31
37355;100
37356;137
37357;174
37359;0
37415;160
37416;17
29416;117
24973;66
18064;33
22073;46
24064;93
19073;106
24992;49
24991;12
23730;155
22071;152
21072;89
22752;0
22979;88
24065;130
21979;168
22074;83
21073;126
24066;0
24977;34
22070;115
23732;49
30413;106
24828;101
21973;126
18811;132
22802;19
18813;26
18814;63
20825;130
19976;37
58038;11
25143;56
20826;0
20827;24
23786;67
20829;98
22804;93
24972;29
38634;83
25442;139
25443;0
25439;28
25441;102
25446;107
25447;144
20972;169
21800;25
23784;173
20822;19
18810;0
25444;33
25445;70
22800;125
20823;56
24827;64
25449;38
25450;75
19801;42
25452;0
34793;166
34791;92
34789;18
34792;129
30407;64
34794;0
56145;170
56151;0
18816;137
44792;49
21802;99
25454;43
22805;130
25456;117
515029;18
18111;152
22526;67
23518;51
19129;18
20137;54
25006;27
37273;126
37272;89
37240;165
37241;22
44965;150
44967;44
39214;123
37472;109
37471;72
37474;183
37473;146
44962;39
37466;67
44398;51
37467;0
44397;0
37465;30
44957;34
44958;71
44959;108
37468;141
30506;127
37286;67
37287;0
37288;141
24656;37
50052;89
19632;89
20658;71
21627;0
50056;57
50053;126
50054;163
50055;20
39213;0
50058;0
50059;168
50066;67
50065;30
19766;7
20165;10
21738;71
34695;0
30809;178
22750;75
21739;108
20774;43
31056;137
30562;39
34328;61
34326;0
34327;24
34329;98
34333;66
34334;103
22946;127
34345;150
24126;47
50063;136
34343;76
50068;141
50069;178
50071;72
50070;35
22945;90
23765;10
34347;44
34340;145
34341;182
34342;39
21632;109
19958;91
34317;0
34316;157
34318;51
34319;88
39834;0
39835;60
39836;97
39831;92
39832;129
39833;166
44404;93
34344;0
34337;34
34338;71
34336;177
44407;24
34335;0
44408;61
44402;19
44403;56
34339;108
44976;17
24957;0
18720;0
34320;125
34321;162
39181;162
39184;93
39182;19
39180;125
39183;56
28118;151
22953;26
22566;107
20578;171
34332;29
34322;19
34325;130
34323;56
34324;93
34330;135
36752;109
34331;172
23781;62
20952;0
25112;169
19992;89
24612;29
19597;54
19598;91
32826;107
32827;144
32828;181
32829;38
514941;182
514942;39
514939;108
23620;45
20660;145
23621;82
24658;111
20661;182
58003;156
58004;13
514943;76
58013;166
58014;0
58015;60
514945;150
22994;103
21777;74
20812;9
20813;46
57935;160
57936;17
57937;54
514944;0
22000;45
18805;90
22001;82
23778;0
24516;0
21496;117
18994;63
21494;43
18996;137
18481;162
23480;85
24514;183
24515;40
46011;152
46005;110
46007;184
46008;0
46009;78
18484;93
24517;114
19990;15
19502;139
23482;159
20523;116
18483;56
23483;16
46026;0
46027;24
46028;61
21521;142
46049;118
17990;175
18524;133
46044;0
24550;75
24551;112
46046;7
20542;99
20543;136
46047;44
22523;136
46048;81
22694;163
23672;169
23996;97
18698;91
24719;28
18699;128
19695;80
23671;132
18995;100
46068;101
46050;155
46051;12
46064;133
46053;0
46065;170
46055;160
46066;27
46067;64
19767;44
22988;61
46087;84
20790;0
22766;127
46083;116
21754;123
46084;153
19685;70
18775;60
46074;143
46085;10
20791;132
46086;47
21769;138
22776;137
18786;107
24792;29
19778;91
20805;110
17997;74
21768;101
46106;67
46100;25
46101;62
46102;99
46091;52
46103;136
46104;173
46105;30
20538;0
51244;93
20600;85
51245;130
22016;97
21590;175
51246;0
51247;24
23587;84
30367;24
24627;44
37282;99
18604;33
19607;64
20612;169
51308;121
51310;15
51311;52
51312;90
51313;126
20714;163
18700;165
18701;22
22695;20
24018;11
528997;54
528998;91
21708;0
20740;45
20741;82
20014;183
18551;52
51455;160
19553;46
51456;18
20982;180
45961;102
51442;40
18988;22
45969;38
51443;76
18548;122
45970;76
45963;0
45948;162
51444;0
22542;120
51445;150
19550;116
45945;0
45965;70
45950;56
18549;0
51447;44
20563;156
51448;82
25066;88
45973;6
45967;144
51449;118
20988;0
51450;156
20564;14
51451;12
23543;76
51452;50
21539;88
51453;0
24573;26
51454;124
53040;126
53037;0
53038;52
53119;168
53041;162
53043;56
53042;20
25160;145
25192;69
25173;0
25193;106
25194;143
25153;66
25163;76
25158;72
25196;37
25187;64
25197;74
25165;150
25175;160
25155;0
25166;7
25156;177
25159;108
25168;81
25188;101
25189;138
25176;17
25182;0
25178;91
25177;54
25170;155
25200;0
30264;174
30297;134
30280;46
30295;60
525771;0
525767;64
525768;101
20619;0
17998;111
20620;105
30396;18
24636;18
24637;54
20605;90
51240;125
51241;162
51242;19
51234;83
51235;120
51236;157
51237;0
51239;88
528996;17
38587;144
25078;171
22612;9
22628;61
23618;151
533189;178
20656;177
23619;8
20657;34
47214;0
22997;34
22002;119
18641;142
23617;114
22626;0
21626;67
22627;24
24655;180
20998;51
18629;58
515036;97
515035;60
515034;0
515033;166
515032;129
515041;102
515040;65
515039;28
515038;171
515037;134
20789;58
19765;150
18774;0
22763;16
48927;44
48928;81
48929;118
48930;155
48931;12
48932;49
48933;0
48934;123
48935;160
48936;17
48937;54
48926;7
48915;0
48916;177
48917;34
48918;71
48919;108
48920;145
48921;182
48923;76
48924;0
19020;126
57939;128
57938;91
514965;170
57943;96
57944;133
514963;96
57946;27
57945;170
514960;165
514962;0
514957;54
514958;91
514951;12
514952;49
514961;22
514959;128
24082;39
19018;51
58006;87
58007;124
58011;92
58012;129
514973;106
514964;133
514938;71
514937;34
511889;118
511887;44
511888;81
511886;7
511884;0
511885;150
514940;145
511890;155
511891;12
511895;160
511892;49
511894;123
511897;54
511893;0
511911;0
511909;138
511912;69
511899;128
511902;0
511900;165
511903;96
511901;22
512125;30
512130;35
512126;67
512131;72
512133;146
512132;109
512134;183
512135;40
518067;0
512127;0
512124;173
512128;141
512129;178
19524;53
22514;163
21492;0
18509;118
19523;16
23502;179
24001;102
24800;145
24801;182
22784;73
24802;39
21939;128
19157;154
32685;110
515031;92
20993;46
18140;145
23154;83
22157;94
24145;30
19785;171
19786;27
21778;111
18799;48
17994;144
23770;15
32753;108
58016;97
58018;171
514953;0
20994;83
18797;154
23768;121
19787;64
23769;0
25110;0
44952;29
44953;66
44954;103
44950;135
44951;172
37312;129
37313;166
37309;18
37310;55
37311;92
37314;0
37304;13
37305;0
37306;87
37307;124
37301;82
37302;119
37303;156
37308;161
53936;157
53938;51
53939;88
53937;0
53935;120
53934;83
55936;177
53978;91
25468;21
53977;54
25469;58
30377;34
25470;0
53979;128
25467;164
53994;143
25471;132
53993;106
21781;42
25472;169
53989;138
53992;69
25431;92
25434;0
24807;44
25440;65
25455;80
25430;55
25476;137
25477;174
25475;100
53990;175
25458;11
25481;142
25482;179
25483;36
25484;73
25480;105
25485;110
53982;0
25460;85
53991;0
25461;0
25462;159
53995;180
25459;48
21787;84
25486;147
53980;165
25464;53
53996;37
25465;90
25466;127
53981;22
25463;16
35921;142
35922;179
521950;135
521951;172
521953;66
521954;103
521955;0
521957;34
521958;71
521973;0
521974;123
521976;17
521960;145
521963;76
521964;0
521966;7
521967;44
521969;118
521971;12
521979;128
521980;165
521982;0
521984;133
521859;8
521866;87
521879;28
521883;0
521884;33
521897;154
521903;16
521919;0
521925;110
521931;152
25805;100
22065;110
25807;144
20134;123
25809;38
22129;138
25810;75
23124;53
25806;107
21128;181
20136;17
25812;0
40361;82
22130;175
22131;0
25808;181
23065;30
23125;90
23126;127
22132;69
20138;91
45939;8
531423;0
34827;164
34828;21
34829;58
34693;66
34694;103
21552;29
23550;155
22559;28
25068;161
25830;0
20575;60
19568;61
22561;102
23552;49
22562;139
22076;157
19571;172
22563;0
21554;103
18568;141
23554;123
24587;184
24588;0
18569;178
23555;160
20576;97
24590;115
23556;17
22149;0
24119;148
20465;130
19427;64
21426;47
21427;84
20464;93
23416;57
24444;0
20467;24
22439;88
19438;111
24449;118
24450;155
18407;124
32073;146
18408;161
36003;116
32074;183
36001;42
36002;79
19439;148
21432;89
18677;34
20695;180
18679;108
24698;151
21660;65
22671;0
21661;102
24700;45
20697;74
23653;6
20698;111
24127;84
18126;0
20148;101
19137;134
20149;138
18031;72
23138;31
18127;24
21141;0
20150;175
24128;121
23140;105
31659;128
20157;74
35873;200
24131;52
20158;111
35879;30
35872;150
35880;90
35874;0
22144;153
20159;148
30308;181
35875;100
20160;0
22145;10
35882;150
35876;100
35883;0
35877;150
20161;42
24132;89
24133;126
19141;102
19142;139
18128;61
23143;36
18129;98
19143;0
20162;79
23144;73
19144;33
21797;94
35957;50
36377;100
21798;0
35884;50
30306;107
36378;0
18722;79
21705;110
24734;43
24735;80
19722;179
23686;147
49524;173
49525;30
49505;10
49506;47
50825;70
49518;0
49519;168
49520;25
49521;62
49522;99
49512;89
49523;136
49514;163
50824;33
49528;141
49526;67
49529;178
49527;0
49517;94
18000;0
20558;151
19544;73
20559;8
22536;0
22537;114
509518;51
509519;88
18485;130
19504;33
19505;70
19503;0
24718;171
21547;24
22551;92
20571;92
18563;136
18564;173
20570;55
19562;19
18047;124
23547;44
21546;0
21408;101
20439;0
22414;63
19401;182
21406;27
24405;110
21409;138
25043;136
24406;147
20440;105
23396;37
24408;0
22415;100
18369;0
18370;15
23399;148
18371;52
20442;179
19403;76
22417;174
22416;137
23400;0
19402;39
23401;42
18372;89
19404;0
23398;111
22418;31
19405;150
24411;152
20443;36
24412;9
18375;20
20444;73
23403;116
18374;163
23404;153
508547;124
20120;145
508549;18
18108;0
508548;161
18109;78
19121;82
22127;64
19054;123
24398;31
23390;175
21402;0
20436;137
21404;133
24399;0
24400;105
22410;0
21403;96
23391;0
24403;36
20063;16
18004;153
24401;142
21405;170
24402;179
23394;143
22411;132
30844;33
22048;21
40903;156
40904;13
40905;0
40906;87
40907;124
40909;18
40910;55
40913;166
40914;0
50532;29
508555;60
21473;166
22479;128
22480;165
20505;170
35868;161
35013;30
24496;57
35012;200
35869;18
35015;120
20507;64
35014;100
22484;133
35871;92
35009;60
21477;134
35008;50
35870;55
35011;150
23466;107
35010;0
21476;97
23467;144
19481;82
24497;94
24498;0
21478;171
22485;170
18457;174
24500;25
24501;62
22488;101
18459;0
18460;105
19483;156
20510;175
21481;102
18464;73
23472;0
19484;13
19486;87
19487;124
19488;161
23473;6
18465;110
24504;173
21487;144
18466;147
509582;79
30553;66
30554;103
32641;102
32643;0
32646;107
32647;144
23008;81
24016;117
21488;181
18468;0
19491;92
18469;78
19492;129
18470;115
24508;141
21489;38
19495;60
18471;152
21490;75
22493;106
21491;112
19496;97
22494;143
18473;46
30318;11
24506;67
30240;0
54308;61
54309;98
54310;135
54311;172
54314;103
54315;0
54316;177
54317;34
54318;71
18409;18
19441;42
21746;7
22760;85
41869;78
24137;94
23148;0
41867;184
24138;0
41868;0
18132;29
24139;168
18133;66
22153;126
513704;133
513705;170
513706;27
531320;145
53356;117
53355;80
53354;43
512216;157
513707;64
513708;101
513709;138
513710;175
513711;0
513713;106
513712;69
513714;143
512222;19
512224;93
512226;0
512220;125
512221;162
20531;52
56136;17
24525;0
25056;0
526449;98
526450;135
526455;0
526451;172
526452;29
526453;66
526454;103
526615;120
527931;0
527928;101
527929;138
18521;22
38798;31
20734;183
22728;161
22729;18
517719;8
517718;151
38814;90
30327;164
20921;82
23528;61
22531;72
526580;85
526581;0
526579;48
526456;177
526457;34
526458;71
18929;178
515308;81
515309;118
515310;155
18928;141
19124;13
23119;48
20583;0
20580;65
20581;102
18577;114
24592;9
20585;70
21566;7
19935;0
38808;0
19930;135
23565;170
22570;75
38802;180
38801;145
21929;118
526570;75
526571;112
526562;139
526561;102
526337;94
526560;65
526559;28
526551;92
526552;129
526555;60
526553;166
526556;97
526554;0
526557;134
526558;171
526573;6
526574;43
526575;80
526550;55
526563;0
526564;33
526565;70
526566;107
526567;144
526568;181
526569;38
526576;117
526577;154
526578;11
526572;0
44355;80
44361;0
44362;159
44363;16
44372;169
18241;102
19281;62
18044;13
23276;97
19267;84
18240;65
18045;0
21280;45
20278;51
22266;0
23277;134
22267;24
21281;82
22268;61
20279;88
18242;139
19282;99
21282;119
23278;171
23049;0
25026;47
23279;28
19283;136
19284;173
21254;163
33700;45
33701;82
33702;119
33703;156
33704;13
33705;0
33706;87
33707;124
33708;161
33709;18
33710;55
33711;92
33712;129
33713;166
33714;0
33715;60
33716;97
33717;134
33718;171
33719;28
33720;65
33721;102
33722;139
33724;33
33725;70
33726;107
33814;123
55591;12
33314;163
515245;90
515246;127
515247;164
515248;21
515249;58
515266;147
515267;184
515250;0
515251;132
515252;169
515253;26
515254;63
515255;100
515256;137
515268;0
515257;174
515258;31
515259;0
515260;105
515261;142
515262;179
515263;36
515269;78
515270;115
515264;73
515265;110
515218;171
515219;28
515220;65
515221;102
515222;139
515223;0
515224;33
515225;70
515226;107
515227;144
515228;181
515229;38
515230;75
515231;112
515232;0
515233;6
515234;43
515235;80
515236;117
515237;154
515238;11
515239;48
515240;85
515241;0
515242;159
515243;16
515244;53
526621;162
526484;133
526600;105
526617;0
526413;26
526407;164
526408;21
526409;58
526410;0
526595;100
526613;46
526384;33
526608;0
526347;0
526385;70
526332;89
526348;141
526349;178
526386;107
526387;144
526388;181
526596;137
526390;75
526391;112
526392;0
526393;6
526394;43
526395;80
526396;117
526397;154
526389;38
526350;35
526609;78
526351;72
526611;152
526398;11
526352;109
526399;48
526353;146
526357;114
526354;183
526355;40
526331;52
526400;85
526401;0
526402;159
526405;90
526597;174
526473;0
526472;49
526474;123
526593;26
526476;17
526618;51
526478;91
526479;128
527520;125
526467;44
526468;81
526469;118
526470;155
526471;12
526594;63
526480;165
526482;0
526411;132
526344;173
526412;169
29420;85
18081;0
21089;178
24996;17
19088;121
20085;110
21088;141
20086;147
19089;0
20088;0
30325;90
37125;0
19996;57
21449;178
19995;20
18427;144
21450;35
19458;0
18428;181
24003;0
24471;0
20311;12
18430;75
18425;70
21451;72
23439;8
21452;109
24041;142
29443;36
24475;180
24476;37
21455;40
25050;35
23447;124
21456;0
22003;156
19462;99
22465;150
21462;119
19459;168
20489;118
24480;0
23448;161
24481;42
18434;43
24478;111
22467;44
18435;80
24479;148
22915;60
23451;92
25051;72
18436;117
21464;13
20495;160
38341;42
522981;0
522988;21
522982;159
38330;175
522983;16
24945;110
23031;0
20679;128
23030;175
23910;155
19656;0
24712;129
31025;70
23659;48
24711;92
31026;107
22901;82
19683;0
18690;155
21671;112
20029;18
31024;33
23658;11
21038;91
21672;0
18691;12
24713;166
18033;146
23661;0
19687;144
18921;62
21914;103
22685;10
22912;129
24704;13
20699;148
24703;156
18930;35
37289;178
37295;40
18681;182
22572;0
22574;43
21567;44
18578;151
21568;81
30250;15
58304;133
19936;177
24726;107
22706;67
22707;0
18932;109
24727;144
20719;168
23926;27
19514;43
24527;124
19515;80
19516;117
18668;61
24932;169
22150;15
44886;107
21923;76
24135;20
24054;83
20752;129
24746;127
21069;0
18740;25
21717;0
44907;164
44906;127
44905;90
44904;53
526530;35
526531;72
526532;109
526520;25
526521;62
526522;99
526340;25
526526;67
526527;0
526523;136
526524;173
526341;62
526525;30
526342;99
526528;141
526529;178
23763;116
23909;118
24794;103
18788;181
18789;38
22777;174
25107;164
19923;56
18790;75
18791;112
23764;153
22778;31
19781;22
21772;69
22779;0
29019;8
22905;0
24795;0
56148;101
30287;124
30290;55
23683;36
22718;151
24056;157
20588;181
22577;154
21572;49
23069;178
19582;39
23571;0
23572;69
18582;119
22578;11
23573;106
23574;143
25072;129
20067;164
24597;0
22579;48
24598;51
23561;22
22066;147
526345;30
526494;143
526506;47
526507;84
526346;67
526495;180
526508;121
526509;0
526601;142
526510;15
526360;45
526496;37
526511;52
526512;89
526513;126
526514;163
526497;74
526498;111
526515;20
526619;88
526499;148
526500;0
526501;42
526517;94
526518;0
526502;79
526503;116
526610;115
526504;153
526614;83
526505;10
526459;108
526460;145
526461;182
526620;125
526462;39
526359;8
526464;0
526463;76
526465;150
526519;168
526343;136
526549;18
526533;146
526534;183
526535;40
526540;45
526536;0
526541;82
526537;114
526538;151
526539;8
526607;184
526548;161
526545;0
526546;87
526547;124
526542;119
526543;156
526544;13
23064;173
38776;117
20139;128
20141;22
19067;64
24117;74
21130;75
20143;96
22134;143
23128;21
18123;56
22135;180
21131;112
21132;0
22137;74
23129;58
18124;93
24118;111
20144;133
22136;37
19132;129
30267;0
21146;127
23690;115
24737;154
24062;19
19145;70
22147;84
22148;121
24083;76
47299;108
47300;145
47301;182
47302;39
47303;76
47304;0
47306;7
47307;44
47308;81
38343;116
29475;0
29442;179
38345;10
38347;84
29458;51
29449;78
20909;178
21731;172
19909;78
20770;75
18918;0
24758;31
20028;161
22746;107
24759;0
19910;115
19911;152
21734;103
22747;144
22748;181
23722;39
23723;76
49910;55
49911;92
49912;129
49913;166
49918;171
49914;0
49922;139
22024;33
18944;13
22025;70
23943;116
23724;0
20771;112
21736;177
21040;165
32087;124
32088;161
32086;87
32089;18
32085;0
32090;55
24157;114
23172;29
22059;0
532625;10
532626;47
22061;142
23171;172
515279;88
515280;125
515278;51
515282;19
515283;56
515285;130
515277;0
515284;93
515290;135
515292;29
515286;0
515287;24
515289;98
515293;66
515291;172
515288;61
45094;63
20456;157
20457;0
20458;51
24437;34
18397;114
23430;35
21120;65
24109;138
20121;182
19123;156
20122;39
23115;80
24108;101
19122;119
21121;102
23116;117
19454;163
18041;82
22033;6
19453;126
25048;141
18420;65
20485;150
22954;63
24465;170
19455;20
18423;0
23045;10
24466;27
23433;146
18424;33
24467;64
37284;173
23434;183
18042;119
56141;22
21446;67
19456;57
23436;0
20486;7
24468;101
23437;114
23906;7
24924;53
19908;0
18057;134
22896;0
22058;31
24799;108
19784;133
21064;153
21912;29
32256;0
25109;58
21776;37
22783;36
20810;115
22782;179
30271;72
30255;20
30316;117
30298;171
38430;0
36683;76
38425;90
38426;127
36682;39
36680;145
36681;182
44388;0
44389;78
44390;115
44391;152
44392;9
44387;184
44381;142
44382;179
44383;36
44384;73
44385;110
44386;147
23155;120
22158;0
18141;182
20171;52
21156;137
22164;173
515305;150
515306;7
515307;44
22039;48
25025;10
18238;171
19277;94
21274;183
33733;6
33734;43
33735;80
33727;144
33728;181
33730;75
33731;112
33732;0
515294;103
515295;0
515296;177
515297;34
515298;71
23157;0
23156;157
19161;0
24146;67
20175;20
20050;75
24149;178
21163;36
18144;0
18143;76
18147;44
22056;137
22169;178
20178;0
20180;25
17999;148
20181;62
23063;136
23162;19
24053;46
19166;127
515299;108
515300;145
515301;182
515302;39
515303;76
515304;0
515271;152
515272;9
515273;46
515274;83
515275;120
515276;157
526439;88
526440;125
526441;162
526442;19
526443;56
526444;93
526445;130
526446;0
526447;24
526448;61
32667;164
25394;163
25395;20
50404;153
47520;0
47519;148
47518;111
47525;10
47523;116
513716;37
513717;74
513718;111
513720;0
513721;42
529123;36
529124;73
529121;142
529117;174
529114;63
529125;110
529126;147
529120;105
529119;0
517687;84
517688;121
526616;157
526598;31
526356;0
526612;9
526599;0
526422;179
526423;36
526424;73
526425;110
526426;147
526427;184
526428;0
526429;78
526430;115
526431;152
526432;9
526433;46
526434;83
526435;120
526436;157
526437;0
526438;51
526487;64
526335;20
526330;15
526338;0
524721;62
524722;99
522115;120
522116;157
522117;0
522532;69
522531;0
522530;175
522529;138
522517;54
522524;133
522523;96
522528;101
522527;64
522526;27
522525;170
522522;0
522521;22
522520;165
522519;128
526717;114
514039;108
514038;71
514060;165
514122;119
514059;128
514072;69
517780;105
512442;0
512444;133
512449;138
512452;69
512454;143
517755;80
517757;154
517759;48
517760;85
517767;164
517769;58
517772;169
512436;17
512433;0
512434;123
512435;160
512438;91
512439;128
512429;118
512432;49
512418;71
512419;108
512420;145
512421;182
512422;39
512409;98
512414;103
512417;34
512470;15
512471;52
512472;89
512500;45
512502;119
512503;156
512479;168
512467;84
512480;25
512481;62
512482;99
512474;163
512484;173
512475;20
512476;57
512477;94
516004;93
515982;179
515983;36
516005;130
515984;73
515979;0
515985;110
516006;0
516007;24
516008;61
516003;56
516009;98
516010;135
515998;51
516013;66
516017;34
516014;103
515999;88
516015;0
515974;63
516016;177
515977;174
516000;125
515978;31
516001;162
515975;100
516002;19
515976;137
516011;172
516012;29
522109;78
522110;115
522111;152
522112;9
522113;46
509356;177
509425;30
509432;109
54943;156
54945;0
54941;82
54944;13
54946;87
54942;119
54940;45
509009;118
509024;133
509013;0
509012;49
509016;17
509015;160
509028;101
509027;64
509008;81
524841;182
36423;0
37219;108
37221;182
531355;180
44453;106
36655;120
36663;56
44155;60
36664;93
44154;0
36661;162
36662;19
36657;0
44152;129
36658;51
44153;166
36659;88
44156;97
44157;134
44158;171
36665;130
58081;162
58080;125
58079;88
58078;51
19772;49
22769;58
523496;97
18779;28
24783;56
23749;138
21758;91
18479;88
526048;21
526045;90
526044;53
526047;164
521837;94
521838;0
521839;168
521840;25
19500;65
23954;163
526043;16
526046;127
18532;69
20549;178
19579;108
22938;11
22939;48
25111;132
18807;164
26832;89
26833;126
26834;163
26835;20
26836;57
26837;94
526004;13
526010;55
526007;124
526013;166
526005;0
526011;92
526008;161
526014;0
38742;119
58252;9
58253;46
20301;182
19298;151
20937;134
21435;20
36889;138
36893;106
23945;10
511917;74
511910;175
511913;106
511920;0
526720;45
526719;8
511923;116
511918;111
526721;82
526718;151
511914;143
511915;180
58380;65
58368;161
30241;42
23776;57
21788;121
24944;73
23941;42
21581;22
514857;134
57081;62
514854;0
57076;57
57078;0
57079;168
57077;94
514856;97
514860;65
21301;102
22922;139
23291;112
23775;20
21943;96
18592;129
24285;170
22924;33
20302;39
24943;36
23563;96
58377;134
23564;133
19299;8
21565;150
24291;0
18593;166
22276;177
24290;175
18574;183
21942;0
18576;0
24286;27
21584;133
24942;179
18573;146
25028;121
18253;6
21945;170
22923;0
23289;38
22279;108
20305;150
18572;109
23939;148
24941;142
22280;145
20935;60
20297;34
25027;84
18800;85
20306;7
18260;85
24287;64
21790;15
21789;0
23938;111
18943;156
18801;0
19796;37
33206;127
30321;0
30282;119
58412;169
532695;80
514859;28
30263;136
19301;82
514871;112
514870;75
514861;102
22278;71
514872;0
19300;45
22277;34
18591;92
20300;145
22926;107
514868;181
514869;38
514867;144
21300;65
514866;107
514858;171
514864;33
514865;70
514863;0
57940;165
57942;0
57941;22
46143;0
22281;182
23293;6
18946;87
20298;71
22927;144
19293;146
20303;76
46144;33
22534;183
31914;0
31917;134
31916;97
31915;60
43653;26
43580;25
51977;34
50043;116
43576;57
43581;62
43577;94
43578;0
43588;141
43579;168
50041;42
50042;79
50035;180
50039;148
50025;170
43584;173
43585;30
43586;67
50026;27
50036;37
50038;111
43582;99
43583;136
50034;143
47382;119
50028;101
50029;138
50040;0
54172;69
50030;175
50031;0
50032;69
50033;106
43575;20
50024;133
50027;64
48639;8
48644;13
48640;45
48641;82
48650;55
48642;119
48651;92
48646;87
48647;124
48648;161
48649;18
48629;178
48632;109
48630;35
48645;0
48655;60
48654;0
48653;166
48643;156
48638;151
50023;96
43625;70
43617;134
43623;0
43624;33
43618;171
43619;28
43639;48
43620;65
43621;102
50021;22
50022;0
50015;160
49611;152
50006;7
43632;0
43637;154
43633;6
43635;80
50007;44
51165;0
50017;54
43626;107
50018;91
43627;144
50014;123
43631;112
50001;182
50009;118
50004;0
50020;165
43628;181
43622;139
50019;128
43629;38
50010;155
50011;12
50012;49
50016;17
50013;0
43630;75
43636;117
50051;52
50008;81
43641;0
43646;127
43642;159
43643;16
43644;53
49978;51
49979;88
49972;9
49962;179
43649;58
43650;0
43651;132
43652;169
49963;36
49973;46
49975;120
43647;164
43648;21
49971;152
47384;13
49965;110
49966;147
49977;0
43645;90
54173;106
49967;184
49968;0
49969;78
49970;115
43640;85
49961;142
49964;73
54174;143
51974;103
43589;178
43594;183
43590;35
43591;72
43602;119
43592;109
43598;151
43599;8
43600;45
43601;82
43595;40
43596;0
43593;146
54169;138
43597;114
56038;171
54171;0
56044;33
48623;136
56055;80
48660;65
48658;171
48624;173
48664;33
48659;28
48665;70
48625;30
48626;67
48627;0
48663;0
48685;90
48628;141
48635;40
48661;102
48662;139
48667;144
48666;107
48634;183
48657;134
47633;46
47635;120
47634;83
47637;0
47636;157
47639;88
47638;51
47640;125
47643;56
47644;93
47642;19
47645;130
47641;162
47646;0
47649;98
47650;135
47648;61
47651;172
47647;24
47652;29
47655;0
47656;177
47654;103
47657;34
47653;66
47658;71
47661;182
47662;39
47660;145
47663;76
47659;108
49959;0
43669;78
43674;83
43670;115
43671;152
43681;162
43672;9
49957;174
49958;31
49951;132
49955;100
49941;0
43677;0
43678;51
43679;88
43680;125
49942;159
49952;169
49954;63
43675;120
47383;156
49944;53
49945;90
49956;137
43673;46
49946;127
49947;164
49948;21
49949;58
43668;0
49940;85
48670;75
48681;0
48682;159
48677;154
48675;80
48684;53
48683;16
48673;6
51985;150
49999;108
43655;100
43660;105
43656;137
43657;174
43667;184
49991;172
49995;0
49982;19
43663;36
43664;73
43665;110
43666;147
49983;56
49992;29
49994;103
43661;142
43662;179
49990;135
47386;87
49985;130
49996;177
43659;0
43654;63
49986;0
49987;24
49988;61
49989;98
49981;162
49984;93
51975;0
56046;107
56047;144
43604;13
43609;18
43605;0
43606;87
43616;97
43607;124
43612;129
43613;166
43614;0
43615;60
54175;180
43610;55
43608;161
54170;175
43603;156
34413;146
34423;156
34419;8
34430;55
34418;151
34405;30
34428;161
34416;0
34406;67
34400;25
34407;0
34437;134
34436;97
34432;129
34420;45
34401;62
34417;114
34421;82
34431;92
34435;60
34412;109
34433;166
34398;0
34426;87
34414;183
34399;168
34425;0
34429;18
34422;119
34404;173
34424;13
31586;127
31660;165
32999;28
31669;138
31735;60
31670;175
31674;143
31662;0
31737;134
31584;53
31673;106
31665;170
31661;22
31663;96
31583;16
32974;183
31734;0
31668;101
31675;180
31664;133
31666;27
31736;97
31667;64
31671;0
31672;69
32563;96
32545;150
32570;175
32569;138
32538;71
32558;91
32567;64
32557;54
32556;17
32554;125
32544;0
32541;182
32539;108
32549;118
32553;0
32535;0
32534;103
32532;29
32555;160
32466;107
32465;70
32467;144
32448;161
32441;82
32462;139
32461;102
32470;75
32455;60
32460;65
32459;28
32457;134
55268;121
32447;124
32444;13
32454;0
32442;119
32452;129
32456;97
32439;8
32438;151
32437;114
32436;0
32435;40
32458;171
32374;123
32359;108
32346;0
32345;130
32353;66
32370;155
32369;118
32343;56
32363;76
32368;81
32365;150
32358;71
32355;0
32362;39
32364;0
32342;19
55263;116
32287;144
32351;172
32349;98
32348;61
32347;24
32366;7
32295;80
32312;169
32336;157
32317;174
32325;110
32324;73
32307;164
32323;36
32322;179
32320;105
55267;84
32335;120
32332;9
32306;127
32330;115
32310;0
32303;16
32308;21
32298;11
32297;154
32327;184
32326;147
32299;48
32321;142
55269;0
55273;126
55272;89
55271;52
55274;163
55275;20
36434;43
22916;97
21933;0
23353;66
36436;117
22367;124
23931;0
22369;18
22370;55
23355;0
21377;34
19371;152
32995;60
20395;60
24354;0
24355;60
23356;177
23357;34
21379;108
18330;155
24356;97
20396;97
20397;134
55265;10
28293;146
55266;47
31739;28
32975;40
31591;132
31740;65
32976;0
31592;169
31744;33
31741;102
31677;74
55262;79
31676;37
31587;164
31588;21
31738;171
32978;151
31679;148
31595;100
31589;58
31590;0
31742;139
31678;111
31593;26
31594;63
32473;6
33000;65
32559;128
45247;144
45249;38
45250;75
45251;112
45252;0
45253;6
45255;80
45256;117
45257;154
45258;11
45259;48
45260;85
45261;0
55270;15
45262;159
45263;16
45267;164
45268;21
45270;0
48162;179
32996;97
33003;0
32333;46
32542;39
32980;45
32311;132
32562;0
33004;33
32463;0
19372;9
22371;92
24357;134
507677;154
507678;11
507681;0
507682;159
507683;16
507684;53
507685;90
507686;127
507687;164
507688;21
507689;58
507690;0
507691;132
507692;169
507693;26
507694;63
507695;100
507696;137
507697;174
507698;31
507699;0
507700;105
507701;142
507702;179
507827;124
507828;161
507829;18
507830;55
507831;92
507832;129
507833;166
507834;0
507835;60
507836;97
507837;134
507838;171
507839;28
507840;65
507841;102
507842;139
507843;0
507844;33
507847;144
507848;181
507849;38
507727;24
507728;61
507730;135
507731;172
507732;29
507733;66
507734;103
507735;0
507736;177
507737;34
507738;71
507739;108
507740;145
507741;182
507742;39
507743;76
507744;0
507745;150
507746;7
507747;44
507748;81
507749;118
507776;37
507779;148
507780;0
507750;155
507751;12
507752;49
507753;0
507754;123
507755;160
507756;17
507757;54
507758;91
507759;128
507760;165
507761;22
507762;0
507763;96
507764;133
507765;170
507766;27
507767;64
507769;138
507770;175
507773;106
507774;143
507775;180
507804;173
507806;67
507807;0
507808;141
507809;178
507810;35
507811;72
507812;109
507813;146
507814;183
507815;40
507816;0
507818;151
507819;8
507820;45
507821;82
507822;119
507823;156
507824;13
507825;0
507826;87
507781;42
507782;79
507783;116
507784;153
507785;10
507786;47
507787;84
507788;121
507789;0
507790;15
507791;52
507792;89
507793;126
507794;163
507795;20
507796;57
507797;94
507799;168
507801;62
507803;136
507703;36
507704;73
507706;147
507707;184
507708;0
507709;78
507710;115
507711;152
507712;9
507713;46
507715;120
507716;157
507717;0
507718;51
507719;88
507720;125
507721;162
507722;19
507724;93
507726;0
45282;179
45283;36
45285;110
45286;147
45287;184
45288;0
45271;132
45276;137
45279;0
45280;105
45281;142
33377;154
33378;11
33380;85
33375;80
33382;159
33373;6
31979;88
31981;162
31985;130
31990;135
31986;0
31987;24
31991;172
31993;66
31978;51
31980;125
31983;56
31988;61
31984;93
31994;103
31995;0
31982;19
31992;29
31999;108
31998;71
33608;61
33612;29
20378;151
20379;8
22352;109
18314;103
22353;146
24336;0
24337;114
25040;25
18315;0
20381;82
20382;119
21365;130
33842;79
524785;90
23929;138
19994;163
24934;63
19739;88
17993;106
20996;157
32651;112
32652;0
32653;6
32654;43
32655;80
32671;132
32656;117
32657;154
32658;11
32662;159
32663;16
32664;53
32670;0
32669;58
32666;127
524724;173
524828;61
524854;123
524750;55
524802;179
524776;117
524725;30
524829;98
524855;160
524751;92
524803;36
524777;154
528357;134
528375;80
528387;164
528363;0
528381;0
528369;38
524726;67
524830;135
524856;17
524752;129
524804;73
524778;11
524727;0
524831;172
524857;54
524753;166
524805;110
524779;48
524728;141
524832;29
524858;91
524754;0
524806;147
524780;85
524729;178
524833;66
524859;128
524755;60
524807;184
524781;0
528360;65
528378;11
528390;0
528366;107
528384;53
528372;0
524730;35
524834;103
524860;165
524756;97
524808;0
524782;159
524731;72
524835;0
524861;22
524757;134
524809;78
524783;16
524746;87
524850;155
524876;37
524772;0
524824;93
524798;31
524747;124
524851;12
524877;74
524773;6
524825;130
524799;0
528358;171
528376;117
528388;21
528364;33
528382;159
528370;75
524733;146
524837;34
524863;96
524759;28
524811;152
524734;183
524838;71
524864;133
524760;65
524812;9
524786;127
528359;28
528377;154
528389;58
528365;70
528383;16
528371;112
524735;40
524839;108
524865;170
524761;102
524813;46
524787;164
524732;109
524836;177
524862;0
524758;171
524810;115
524784;53
530249;118
530247;44
530248;81
530250;155
530246;7
524736;0
524840;145
524866;27
524762;139
524814;83
524788;21
524737;114
524867;64
524763;0
524815;120
524789;58
524738;151
524842;39
524868;101
524764;33
524816;157
524790;0
524739;8
524843;76
524869;138
524765;70
524817;0
524791;132
528361;102
528367;144
528385;90
528373;6
524740;45
524844;0
524870;175
524818;51
524792;169
524766;107
524741;82
524767;144
524793;26
524742;119
524846;7
524872;69
524820;125
524794;63
524768;181
528362;139
528380;85
528392;169
528368;181
528386;127
528374;43
524745;0
524849;118
524875;180
524771;112
524823;56
524797;174
524743;156
524847;44
524873;106
524769;38
524821;162
524795;100
524744;13
524848;81
524874;143
524770;75
524822;19
524796;137
524748;161
524852;49
524774;43
524826;0
524800;105
524749;18
524853;0
524879;148
524827;24
524801;142
47836;177
47837;34
522986;127
23496;137
19939;108
25438;171
24935;100
22914;0
22913;166
23497;174
24526;87
18499;108
20923;156
25436;97
25437;134
19938;71
23696;157
24743;16
23927;64
20924;13
20761;102
21721;162
19738;51
32084;13
25135;120
21039;128
23928;101
18933;146
21007;24
19743;56
21725;130
20939;28
18785;70
25106;127
19777;54
23948;121
18477;0
23002;39
19952;49
24842;79
19953;0
22928;181
24705;0
19673;166
19674;0
24706;87
20701;42
18682;39
20702;79
18684;0
19951;12
22679;148
21668;181
18685;150
19676;97
23760;0
23757;74
20007;0
19774;123
21763;96
21764;133
28198;51
28199;88
28200;125
28201;162
28202;19
28206;0
28207;24
28210;135
28211;172
28190;115
28191;152
28192;9
28193;46
22151;52
521844;173
521842;99
521841;62
521846;67
519402;179
525995;40
525999;8
525996;0
526000;45
526002;119
19795;180
19797;74
46123;156
46124;13
46125;0
46126;87
19798;111
21791;52
22789;78
46127;124
46129;18
24812;49
21792;89
22791;152
46132;129
23953;126
18802;159
30320;85
20945;70
26814;143
26818;111
26816;37
26815;180
26817;74
26822;79
26825;10
26820;0
26823;116
26831;52
26826;47
26829;0
526015;60
526029;38
526016;97
526030;75
526031;112
526018;171
526032;0
526037;154
526024;33
526038;11
526019;28
526033;6
526020;65
526034;43
526025;70
526026;107
526040;85
526021;102
526035;80
526022;139
30022;39
25113;26
46116;0
46118;151
46117;114
46115;40
46119;8
46109;178
46108;141
46111;72
46112;109
46107;0
46110;35
46113;146
46114;183
524612;169
524613;26
524614;63
25435;60
22517;94
524615;100
24933;26
524616;137
524617;174
30944;133
18516;17
18515;160
23503;36
22937;154
44207;184
39050;175
44206;147
24533;166
39057;74
39054;143
21124;33
519320;25
22941;0
18119;88
20129;118
19126;87
32094;0
20130;155
20072;169
32095;60
19127;124
20131;12
24114;143
19128;161
18121;162
24115;180
24961;162
24694;183
20941;102
20957;154
18960;65
25429;18
22951;132
20943;0
23654;43
44182;159
44181;0
55226;7
30477;134
23370;155
20417;154
20807;184
18787;144
25133;46
22793;46
524618;31
22794;83
21795;20
39063;116
39064;153
47344;153
22023;0
22328;121
22388;181
24373;6
23364;0
21041;22
20981;142
18028;141
24279;128
19631;52
21773;106
21774;143
21090;35
23088;161
47788;21
20094;83
20000;25
23090;55
22091;172
18085;90
22093;66
18002;79
22092;29
32867;184
47327;64
47330;175
47331;0
47332;69
47333;106
47334;143
47335;180
47321;22
47322;0
47323;96
47324;133
47325;170
47326;27
47345;10
20948;181
24956;157
18961;102
20329;138
20331;0
29568;161
30130;75
518308;21
29570;55
20349;0
48163;36
48164;73
21318;11
23315;100
25427;124
25425;0
20005;30
19321;102
24987;44
20335;180
25426;87
25428;161
47341;42
47340;0
22295;160
22297;54
20337;74
18280;105
32098;171
31757;154
19322;139
20006;67
19324;33
47346;47
47350;15
47349;0
47351;52
519962;19
519963;56
519964;93
519960;125
519961;162
41758;111
41762;79
32729;118
41759;148
41760;0
41763;116
41764;153
41768;121
41766;47
41767;84
41769;0
32728;81
41772;89
41774;163
41775;20
41776;57
41777;94
41778;0
41779;168
41780;25
41781;62
23319;0
22301;22
47378;151
47379;8
44177;154
44178;11
44179;48
44180;85
44175;80
44176;117
524115;0
524113;66
524116;177
524114;103
532821;62
532819;168
532820;25
532818;0
532816;57
532817;94
532822;99
25417;114
25418;151
25424;13
25037;94
18291;152
24315;20
20356;57
21341;142
22317;74
19338;11
25422;119
25415;40
25423;156
25416;0
25420;45
25421;82
514577;34
52259;28
514576;177
52260;65
52297;174
52257;134
514578;71
52258;171
22316;37
20354;163
21339;0
21340;105
19336;117
18290;115
55675;60
55676;97
55677;134
55678;171
18920;25
51281;22
51278;91
51279;128
51282;0
51283;96
51280;165
517065;110
517066;147
517067;184
23094;0
24093;0
19099;168
20031;92
22102;39
21104;13
19100;25
19101;62
48146;127
48147;164
48148;21
48152;169
48153;26
48154;63
48143;16
48155;100
48144;53
48156;137
48145;90
48149;58
48150;0
48151;132
47370;35
47373;146
47376;0
47369;178
47372;109
47375;40
47371;72
47377;114
515042;139
515045;70
515043;0
515046;107
515044;33
515047;144
530815;180
515048;181
530813;106
515049;38
530812;69
515050;75
530814;143
530811;0
518978;151
518985;0
518988;161
518987;124
518986;87
518990;55
518989;18
518977;114
518979;8
518982;119
518981;82
518980;45
518984;13
518983;156
48158;31
48159;0
48160;105
48157;174
19997;94
48587;64
24613;66
509722;39
21588;101
18597;134
31684;153
31888;141
29285;130
20104;93
24091;12
24092;49
22013;166
31887;0
20078;31
527758;111
527759;148
527760;0
527761;42
524118;71
524117;34
24077;34
24078;71
24079;108
23082;119
24993;0
36806;127
23083;156
24080;145
20080;105
19083;116
18074;43
17983;96
44491;72
509537;34
509538;71
509539;108
518860;105
52853;46
20340;0
52860;125
21325;90
52861;162
18986;127
17984;133
21988;141
17985;170
52854;83
24311;52
52856;157
20341;42
52857;0
18989;58
52858;51
28728;0
28733;46
52855;120
30860;85
20989;78
21136;117
17987;64
21635;40
19647;0
19648;141
19983;116
52859;88
22107;44
24926;127
45362;79
20985;110
52862;19
54956;97
54957;134
18987;164
19332;0
19104;173
52434;0
52433;166
22104;0
25738;111
25736;37
18992;169
19102;99
23986;87
23987;124
30700;105
21326;127
23324;73
20984;73
18286;147
23326;147
19330;75
30699;0
20033;166
49834;123
52393;126
52392;89
53960;145
20346;47
52391;52
38089;78
20330;175
532195;120
32868;0
508713;146
508714;183
23077;114
21076;57
18070;75
21077;94
25739;148
52025;10
25737;74
528201;0
25740;0
25413;146
25414;183
36802;159
36803;16
36804;53
36805;90
45336;17
45337;54
45338;91
45339;128
45334;123
45335;160
54919;168
54920;25
54921;62
54922;99
47358;0
47361;62
47362;99
47363;136
47355;20
47359;168
47353;126
49542;119
49544;13
49545;0
47360;25
49546;87
49547;124
49548;161
49549;18
49540;45
49541;82
49550;55
49551;92
49552;129
49553;166
49554;0
49555;60
49557;134
49558;171
518857;174
518856;137
518855;100
518854;63
518859;0
518858;31
45352;69
45343;96
45344;133
45345;170
52024;153
45340;165
45341;22
45342;0
44186;127
42216;137
42217;174
42218;31
42219;0
47364;173
47365;30
518853;26
518852;169
45346;27
45347;64
45348;101
47357;94
518851;132
518850;0
518849;58
45349;138
45351;0
44187;164
18073;6
24073;66
22079;88
21986;67
20986;147
24075;0
52394;163
514506;107
44196;137
19093;126
25411;72
24998;91
25412;109
32205;170
18284;73
21096;0
23092;129
20081;142
24029;58
22082;19
20082;179
25762;99
25763;136
19085;10
23086;87
20083;36
21081;62
22806;0
19010;115
22807;24
21803;136
22981;162
23135;100
23132;169
23133;26
21129;38
21995;40
19653;146
18096;137
23097;134
18094;63
21008;61
525757;54
525758;91
525759;128
18093;26
21108;161
22109;118
18097;174
20109;98
32078;151
36730;15
52267;144
52268;181
52265;70
52266;107
24094;123
20111;172
24095;160
31683;116
52261;102
52262;139
52263;0
52264;33
32682;179
24026;127
21669;38
24310;15
23985;0
24309;0
21032;49
44203;36
44202;179
44204;73
44205;110
44199;0
23078;151
19079;148
20075;100
21980;25
19081;42
20076;137
19069;138
36071;112
36072;0
36073;6
36074;43
45332;49
36070;75
45314;103
45315;0
45312;29
45313;66
20077;174
18071;112
23081;82
35937;0
37274;163
37275;20
53844;173
53843;136
37278;0
37279;168
37276;57
37277;94
32639;28
32638;171
41636;97
41635;60
23145;110
44200;105
44201;142
18536;37
44984;133
44985;170
44983;96
48161;142
19078;111
45556;57
45589;18
45574;183
45590;55
45553;126
45591;92
45583;156
45555;20
45560;25
45570;35
45578;151
45573;146
45565;30
45584;13
45569;178
45554;163
45559;168
45572;109
45564;173
45579;8
45575;40
45566;67
45558;0
45562;99
45557;94
45561;62
45592;129
45552;89
45563;136
45551;52
45576;0
45567;0
45580;45
45585;0
45586;87
45581;82
45588;161
45587;124
45582;119
45571;72
49849;138
49854;143
49855;180
49852;69
49856;37
49857;74
49858;111
49853;106
49859;148
49848;101
49846;27
49862;79
49860;0
49863;116
49864;153
49861;42
20544;173
24554;43
23521;162
18528;101
19539;0
37280;25
49888;141
49889;178
49887;0
49883;136
49884;173
49886;67
49878;0
49879;168
49873;126
49874;163
49876;57
49877;94
49892;109
49891;72
49870;15
49871;52
49872;89
49869;0
49867;84
49898;151
49896;0
49897;114
49894;183
49900;45
49901;82
19506;107
22496;37
18860;145
21849;38
24878;151
24879;8
20862;0
24880;45
23844;53
22841;22
19841;82
19842;119
18857;34
23842;159
19843;156
23843;16
18858;71
24877;114
18856;177
18859;108
516345;110
23854;63
516349;78
21857;154
24884;13
516346;147
18864;0
516347;184
23855;100
516348;0
21858;11
516350;115
516351;152
22846;27
25122;179
24883;156
21856;117
20866;27
20867;64
23852;169
19853;166
22845;170
23853;26
19851;92
19854;0
32674;63
32675;100
20832;29
21809;178
18594;0
23583;116
37243;96
30504;53
18595;60
19595;160
21586;27
24859;168
20844;0
20846;7
20848;81
22829;118
25115;100
22830;155
23828;181
22831;12
24861;62
21823;156
20850;155
24862;99
18844;93
19827;0
23827;144
48139;48
18887;64
23866;147
18888;101
19174;63
22175;40
19170;0
20186;67
18152;49
19171;132
24155;40
19172;169
24156;0
19173;26
19876;117
21875;100
18890;175
19877;154
20885;10
22866;47
23873;46
23874;83
24898;171
38544;173
515959;48
515960;85
515961;0
515962;159
515963;16
515964;53
33826;27
33827;64
33828;101
33829;138
33825;170
24324;173
22326;47
18297;0
19342;159
24323;136
515772;0
515773;6
515774;43
515775;80
515776;117
515777;154
515778;11
515779;48
515780;85
515781;0
515782;159
515783;16
515763;0
515764;33
515765;70
515766;107
515767;144
515768;181
515769;38
515770;75
515771;112
519715;60
519731;112
519716;97
519718;171
519733;6
47899;168
47900;25
47901;62
47902;99
47903;136
47904;173
47905;30
525805;30
515784;53
525806;67
525807;0
23847;164
23848;21
30820;45
19847;124
19848;161
30822;119
21852;0
30826;87
18862;39
30811;72
21850;75
19169;58
30817;114
19844;13
22842;0
30821;82
18861;182
30825;0
33831;0
33832;69
33833;106
33834;143
33830;175
526767;164
526768;21
526769;58
526770;0
526765;90
526766;127
19295;40
19296;0
23290;75
19297;114
18256;117
24327;0
20363;136
519723;0
519725;70
47892;89
47893;126
47894;163
47895;20
47896;57
47897;94
47898;0
24887;124
24888;161
30813;146
25124;73
30824;13
21861;0
23856;137
19858;171
30816;0
21862;159
30814;183
18865;150
22848;101
30823;156
21859;48
20874;143
30812;109
19856;97
24886;87
30810;35
38469;98
18846;0
21828;161
25117;174
21877;174
